	,CGT2044_contigs.fasta,CGT2010_contigs.fasta,CGT2006_contigs.fasta
CGT2044_contigs.fasta,0.0,0.010000000000005116,0.060000000000002274
CGT2010_contigs.fasta,0.010000000000005116,0.0,0.04999999999999716
CGT2006_contigs.fasta,0.060000000000002274,0.04999999999999716,0.0
